len,pattern,count
2,OI,21000
3,OAI,21000
4,OIOI,21000
5,OIOIA,21000
6,OIOAIA,9870
6,OIOIOI,8255
6,OIAOIA,1987
6,OAIOIA,865
6,OIOIAA,23
7,OAIOIOI,6978
7,OAIOAIA,3619
7,OIOAAIA,2594
7,OIOAIAA,2482
7,OIAOAIA,1476
7,OIOAIOI,1202
7,OAIAOIA,949
7,OIOIAOI,681
7,OIAOIOI,512
7,OIOIOIA,331
7,OIAOIAA,142
7,OIOIOAI,25
7,OAIOIAA,8
7,OAAIOIA,1
8,OAIOAIOI,8846
8,OIOAIOIA,1565
8,OAIOAAIA,1077
8,OIOIOIOI,1026
8,OAIOAIAA,958
8,OAIAOAIA,935
8,OAAIAOIA,917
8,OIOAAIAA,630
8,OIOIOAIA,566
8,OAIOIOIA,486
8,OIAOAIAA,482
8,OIAOAAIA,460
8,OIAOIAOI,443
8,OAIOIAOI,432
8,OIOAAAIA,418
8,OIOAIAAA,413
8,OAIOIOAI,337
8,OIAOAIOI,336
8,OAIAOIOI,140
8,OIAOIOIA,132
8,OIOIAOIA,131
8,OAAIOIOI,67
8,OIOIAOAI,55
8,OIOAAIOI,39
8,OIOAIAOI,35
8,OIOIOIAA,21
8,OAAIOAIA,20
8,OIOAIOAI,12
8,OIAAOAIA,10
8,OAIAOIAA,5
8,OIAAOIAA,3
8,OIAOIOAI,3
9,OIOIOAIOI,4194
9,OAIOIOIOI,1649
9,OAIOAIOIA,1543
9,OAIOAIAOI,1489
9,OAIOAAIOI,1074
9,OAIOAIOAI,956
9,OAAIAOAIA,899
9,OAAAIAOIA,896
9,OAIAOAIOI,883
9,OIOAIOAIA,583
9,OAAIOAIOI,575
9,OIOAIAOIA,530
9,OAIAOAAIA,460
9,OAIAOAIAA,456
9,OIAOIOIOI,432
9,OIAOAIOIA,397
9,OIOAAIOIA,351
9,OIOAIOIAA,331
9,OIOIOIAOI,328
9,OAIOIAOIA,315
9,OIOIOIOIA,277
9,OIAOAAIAA,223
9,OAIOIAOAI,200
9,OIAOAIAAA,144
9,OIAOAAAIA,139
9,OAIOAAIAA,134
9,OAIOAAAIA,109
9,OAIAOIOIA,107
9,OAAIAOIOI,104
9,OIOAAIAAA,89
9,OIAOIAOIA,80
9,OIOIOIOAI,78
9,OAIOAIAAA,76
9,OIAOAIAOI,75
9,OIOIOAIAA,73
9,OIOAAAIAA,67
9,OIOAIOIOI,63
9,OAIOIOAIA,61
9,OIAOAAIOI,55
9,OIOAAAAIA,48
9,OAIAOIAOI,44
9,OAAIOIOIA,38
9,OIAOIAOAI,36
9,OIOAIAAAA,35
9,OIOAAIAOI,34
9,OIOIAOAIA,34
9,OIOIAOIOI,32
9,OIAOIOAIA,23
9,OAAIOIOAI,21
9,OAIAOIOAI,20
9,OIAOAIOAI,19
9,OIOAIAAOI,19
9,OIAAOIOIA,17
9,OIOIOAAIA,17
9,OIOAAAIOI,15
9,OIAAOIAOI,11
9,OAAIOAIAA,8
9,OIAAOAIOI,5
9,OIAOIOIAA,5
9,OAAIOAAIA,4
9,OAAIOIAOI,4
9,OIAAOAIAA,4
9,OIAOIAAOI,3
9,OIOAIAOAI,3
9,OAIOIOIAA,2
9,OIOAAIOAI,2
9,OIOIAAOIA,2
10,OIOIOIOIOI,3364
10,OAIAOAIOIA,878
10,OAAAAIAOIA,862
10,OAAAIAOAIA,854
10,OAIOIOIOAI,849
10,OAIOIOIOIA,837
10,OAIAOAIAOI,778
10,OIOIOAIOIA,601
10,OAIOAIOIOI,585
10,OIOIOAIAOI,565
10,OIOAIOAIOI,515
10,OAAIOAIAOI,514
10,OAIAOAAIOI,466
10,OAAIAOAAIA,435
10,OAAIAOAIAA,429
10,OIOIAOAIOI,416
10,OIOIOAAIOI,404
10,OAAIOAAIOI,384
10,OAAIOAIOAI,341
10,OAIAOAIOAI,328
10,OAAIOAIOIA,318
10,OIOIOAIOAI,295
10,OAIOAIOAIA,277
10,OAIOAIAOIA,264
10,OIOAIAOAIA,261
10,OAIAOIOIOI,257
10,OAIAOAAIAA,244
10,OIAOAIAOIA,241
10,OIOIOIAOIA,233
10,OIAOAIOAIA,232
10,OIOAIOIOIA,184
10,OAIOAIOIAA,156
10,OIAOAAIOIA,155
10,OAIOIOAIOI,153
10,OAAIAOAIOI,150
10,OAIAOAAAIA,150
10,OIAOAIOIAA,149
10,OAIAOAIAAA,148
10,OAAAIAOIOI,138
10,OAIOAAIOIA,134
10,OIOAIAOIAA,119
10,OIAOIOIOIA,117
10,OIOAAIOAIA,108
10,OIOIOIAOAI,102
10,OAIOIOIAOI,90
10,OAIOAAIAOI,89
10,OAIOAIAAOI,88
10,OIOAIOAAIA,86
10,OIAOAIOIOI,84
10,OAAIOIOIOI,78
10,OIAOIOAIOI,70
10,OIAOIOIOAI,66
10,OIOAIOAIAA,65
10,OIOAIAAOIA,64
10,OIAOAAIAAA,57
10,OAIAOIAOIA,54
10,OAIOAIAOAI,53
10,OIAOIOIAOI,53
10,OIOAAIAOIA,53
10,OIOAAIOIAA,46
10,OIAOAAAIAA,42
10,OAIOIAOAIA,39
10,OAIOIAOIOI,38
10,OIAOAAIAOI,36
10,OAAIOIAOIA,34
10,OAIOAAIOAI,33
10,OIAAOIOIOI,30
10,OAIOAAAIOI,29
10,OAIAOIAOAI,26
10,OAIOAAIAAA,26
10,OAIOIOAIAA,26
10,OIOAAAIOIA,26
10,OIAOAAAAIA,25
10,OIOAIAOIOI,25
10,OIOIAOIAOI,25
10,OIOIAOIOIA,25
10,OIOAIOIAOI,24
10,OIOIOIOIAA,24
10,OIOAAIOIOI,23
10,OAAIOIAOAI,22
10,OIAOAIAAOI,22
10,OIAOAAAIOI,19
10,OIAOAIAAAA,18
10,OIAOIOAIAA,17
10,OIOAIOIAAA,16
10,OAIOAAAIAA,15
10,OIOIAOAIAA,14
10,OIAOIAOIOI,13
10,OIOIOIOAIA,13
10,OAAIOAAAIA,12
10,OAIAOIOAIA,11
10,OAIOAAAAIA,11
10,OAAIOAAIAA,10
10,OIOIOIAAOI,10
10,OAIOIAAOIA,9
10,OIOAAIAAOI,9
10,OIOIAOAAIA,8
10,OIAOAIAOAI,7
10,OAIOIOAAIA,6
10,OIAAOIOIAA,5
10,OIOAIOIOAI,5
10,OAIAOIOIAA,4
10,OAIOAIAAAA,4
10,OAIOIAAOAI,4
10,OAIOIAOAAI,4
10,OAIOIAOIAA,4
10,OIAOIAAOAI,4
10,OIOAAAAIOI,4
10,OIOIAOIOAI,4
10,OAAAIOAIOI,3
10,OAAIOAIAAA,3
10,OIAAOIAOIA,3
10,OIAOAAIOAI,3
10,OIAOIAOAIA,3
10,OIOAAAAIAA,3
10,OIOAAAIAAA,3
10,OAAIOIOAIA,2
10,OAIAAOAIOI,2
10,OAIAAOIOIA,2
10,OAIOAIOAAI,2
10,OIAAOAIAOI,2
10,OIAOIAAOIA,2
10,OIOAAAIAOI,2
10,OIOAAIAAAA,2
10,OIOAIAAAOI,2
10,OIOIOAAIAA,2
10,OAAIAOIOAI,1
10,OAAIAOIOIA,1
10,OAAIOIOAAI,1
10,OAAIOIOIAA,1
10,OAIAOIAAOI,1
10,OIAAAOIOIA,1
10,OIAAOAIOIA,1
10,OIAAOIAOAI,1
10,OIAAOIOAIA,1
10,OIAOIOAAIA,1
10,OIOAAAAAIA,1
10,OIOAIAAAAA,1
10,OIOIAAOIAA,1
11,OIOIOIOIOIA,2088
11,OIOIOIOIOAI,1117
11,OAAAAIAOAIA,829
11,OAAAAAIAOIA,813
11,OAIAOAIAOIA,652
11,OIOIOIOAIOI,650
11,OAIAOAIOIOI,534
11,OIOIOIOIAOI,521
11,OAIAOIOIOIA,459
11,OAIAOAIOAIA,450
11,OAIAOIOIOAI,429
11,OAAAIAOAIAA,417
11,OAAAIAOAAIA,416
11,OAAIOAIOIOI,403
11,OIOIAOIOIOI,392
11,OAAIAOAIOIA,377
11,OIOAIOAIOIA,369
11,OAIAOAIAOAI,340
11,OAIOIOIOIOI,334
11,OAIAOAAIOIA,313
11,OAAIOAIAOIA,300
11,OAAIOAIAOAI,296
11,OIOIAOAIAOI,286
11,OAIAOAIOIAA,265
11,OIOAIOAAIOI,239
11,OAAIOIOIOAI,228
11,OIOIAOAIOIA,225
11,OIOAIOAIAOI,222
11,OIOAIOIOIOI,222
11,OAAIAOAAIAA,219
11,OAAIOAAIOAI,217
11,OAIAOIOAIOI,204
11,OAAIOIOIOIA,203
11,OIOIAOAAIOI,186
11,OIOIOAIAOIA,186
11,OAAAAIAOIOI,185
11,OAAIOAIOAIA,184
11,OAAAIAOAIOI,170
11,OAIAOAAIOAI,156
11,OAAIOAAIOIA,150
11,OIOIAOAIOAI,145
11,OIOAIOAIOAI,144
11,OAAIAOAIAAA,131
11,OAIOIOAIOAI,127
11,OAAIAOAAAIA,125
11,OAAIOIOAIOI,121
11,OAIAOIOIAOI,112
11,OIOAIAAOAIA,112
11,OAIAOAAIAOI,109
11,OIOAIAOAAIA,109
11,OIAOIOIOIOI,107
11,OIOAIOIOAIA,107
11,OAIAOAIAAOI,99
11,OIOIOAIOIOI,99
11,OIOIOAIAOAI,92
11,OAIOIOIAOAI,91
11,OAAIOAIOIAA,90
11,OIOAIAOIOIA,89
11,OAAIAOAAIOI,88
11,OAAIAOAIAOI,86
11,OIOAIAOAIAA,86
11,OIOAAIAOAIA,82
11,OAAIOAAIAOI,77
11,OAIOIOAIOIA,75
11,OAIOIOIAOIA,75
11,OAIAOAAIAAA,70
11,OAIOIOAIAOI,69
11,OAAIOAIAAOI,64
11,OAIOIOIOAIA,64
11,OAAIOIOIAOI,63
11,OIOAIOIOIAA,62
11,OAIAOAAAIOI,61
11,OIOAAIOAAIA,54
11,OIOAIOIAOIA,53
11,OAIAOAAAIAA,51
11,OIOIOIAOIOI,51
11,OIOIOAAIOAI,50
11,OIAOAIAOIOI,49
11,OIOAAIOIOIA,48
11,OIOAIAAOIAA,46
11,OIAOAIOAIOI,42
11,OIOIAOIAOIA,41
11,OAIOAIOIOIA,38
11,OIOIOAAIOIA,36
11,OIOAAIAOIAA,34
11,OAAIOAAAIOI,33
11,OAIAOAAAAIA,33
11,OAIAOIAOIOI,29
11,OIAOAAIOIOI,29
11,OIAOIOAIAOI,29
11,OAIOIOAAIOI,28
11,OIAOAIOIAOI,28
11,OAIOIAOAIOI,27
11,OAIOIOIOIAA,27
11,OIAOIOIAOIA,27
11,OIAOAIOIOIA,26
11,OIOIOIAOAIA,26
11,OIOAAIOAIAA,25
11,OIAOIOAIOIA,22
11,OIOIAOIAOAI,22
11,OIOAAAIOAIA,21
11,OAIAOAIAAAA,19
11,OAIOAIOAIOI,19
11,OAIOIAOIOIA,18
11,OIOIOAIOAIA,18
11,OIAOIOIAOAI,17
11,OAAIAOAIOAI,16
11,OIOIOIAAOIA,16
11,OAAIOIAOAIA,15
11,OAAIOIAOIOI,15
11,OAIOAIOIOAI,15
11,OAIOIAOIOAI,15
11,OIAOIAOAIOI,15
11,OIOAIAOIAAA,15
11,OAIAOIAOAIA,14
11,OIOAAIAAOIA,14
11,OAIOAIAOAIA,13
11,OIAOIOAIOAI,13
11,OIOAAIOIAAA,13
11,OIOAIOIAOAI,13
11,OIOIOAAIAOI,13
11,OAAIOAAIAAA,12
11,OIAAOIOIOIA,12
11,OIOAIOAAIAA,12
11,OAIOIOIOAAI,11
11,OIAOAAIAAOI,11
11,OIAOAIOIOAI,11
11,OIAOIOIOAIA,11
11,OIAAOIOIAOI,10
11,OAIAOIAOIAA,9
11,OIAOIAOIOIA,9
11,OIAOIOIOIAA,9
11,OIOAIOAAAIA,9
11,OIOIOIAOIAA,9
11,OAIAAOIOIOI,8
11,OIAAOAIOIOI,8
11,OIOAIAAAOIA,8
11,OAAIOAAAIAA,7
11,OIOAAAIOIAA,7
11,OIOIOIAAOAI,7
11,OAAIOAAAAIA,6
11,OAIAOAIOAAI,6
11,OAIOIAOAIAA,6
11,OIAAOIAOIOI,6
11,OIAOIAOAIAA,6
11,OIAOIOAAIOI,6
11,OIOAIAOAIOI,6
11,OIOIAOIOIAA,6
11,OAAIOAIOAAI,5
11,OAIAAOAIOIA,5
11,OAIOAIAOIOI,5
11,OIAOAAAIAOI,5
11,OIOAAAIAOIA,5
11,OAAAIOAIOIA,4
11,OAIAOIAAOIA,4
11,OAIOIAAOIOI,4
11,OIAAOAIAOIA,4
11,OIAAOIOAIOI,4
11,OIAOAAAAIOI,4
11,OIAOAIAAAOI,4
11,OIAOIAOIAOI,4
11,OIOAAIOAIOI,4
11,OIOIAOIOAIA,4
11,OIOIOAIOIAA,4
11,OAAAIOAAIOI,3
11,OAAAIOAIOAI,3
11,OAAIAOIAOIA,3
11,OAAIAOIOIOI,3
11,OAIAAOAIAOI,3
11,OAIAAOAIOAI,3
11,OAIOIAOIAOI,3
11,OIAOAAIAOAI,3
11,OIAOAIOAIAA,3
11,OIAOIAOIOAI,3
11,OIAOIOIAAOI,3
11,OIOIAOAAIAA,3
11,OIOIOAIOAAI,3
11,OAAAIAOIOAI,2
11,OAIAAOIOIAA,2
11,OAIAOIAAOAI,2
11,OAIOAIAOAAI,2
11,OAIOAIOAIAA,2
11,OAIOIAAOIAA,2
11,OAIOIAOAAIA,2
11,OIAAOIOIOAI,2
11,OIAOAIAOAIA,2
11,OIAOIAAOAIA,2
11,OIAOIAOAAIA,2
11,OIOAIOAIAAA,2
11,OAAAIOAIAOI,1
11,OAAAIOIOIOI,1
11,OAAIOAIAAAA,1
11,OAAIOIAOAAI,1
11,OAAIOIAOIAA,1
11,OAIAAOAAIOI,1
11,OAIAOIOAIAA,1
11,OAIAOIOIAAA,1
11,OAIOAAIOAIA,1
11,OAIOAAIOIOI,1
11,OAIOAIAOIAA,1
11,OAIOAIOAAIA,1
11,OAIOIAAOAIA,1
11,OAIOIOAAIAA,1
11,OAIOIOIAAOI,1
11,OIAAAOIOIOI,1
11,OIAAOAIOAIA,1
11,OIAAOIAOIAA,1
11,OIAOAIAAOAI,1
11,OIAOAIOAAIA,1
11,OIAOIAAOAAI,1
11,OIAOIAAOIOI,1
11,OIAOIOAIAAA,1
11,OIAOIOIOAAI,1
11,OIOAAAAIOIA,1
11,OIOAAIAAAAA,1
11,OIOAIAAAAAA,1
11,OIOAIOIAAAA,1
11,OIOIAAOIOIA,1
11,OIOIOAIAAOI,1
11,OIOIOIAOAAI,1
11,OIOIOIOAIAA,1
12,OIOIAOIOIOIA,1098
12,OAAAAAAIAOIA,805
12,OAAAAAIAOAIA,772
12,OIOAIOIOIOIA,661
12,OIOIOIOIAOIA,544
12,OIOIOIOAIOAI,473
12,OIOIAOIOIOAI,436
12,OAIAOIOIAOAI,413
12,OAAAAIAOAIAA,406
12,OIOIOIOIAOAI,406
12,OAAAAIAOAAIA,405
12,OAIAOIOAIOAI,368
12,OIOIAOIOAIOI,361
12,OAIAOIOIAOIA,349
12,OAAAIAOAIOIA,341
12,OIOAIOIOIOAI,307
12,OIOIOIOAIOIA,306
12,OAAIAOAIOAIA,287
12,OAIAOIOIOIOI,286
12,OIOIAOAIAOIA,279
12,OAAIOIOAIOAI,276
12,OAAIAOAIAOIA,264
12,OIOAIOAIAOIA,262
12,OAAIOIOIAOAI,258
12,OIOAIOIOAIOI,246
12,OIOIAOIOIAOI,233
12,OIOIOIOIOIOI,225
12,OAAAIAOAAIAA,223
12,OAAAAIAOAIOI,220
12,OAIAOIOAIOIA,213
12,OAAIOIOIOIOI,210
12,OAAIOIOIAOIA,194
12,OAAAAAIAOIOI,191
12,OIOAIOAAIOAI,174
12,OAAIAOAIOIAA,173
12,OAAIAOAAIOIA,169
12,OAIOIOIOIOIA,166
12,OIOAIOIOIAOI,161
12,OIOAIOAIAOAI,155
12,OAIAOAIAOIOI,148
12,OIOIOIOIOAIA,131
12,OAIOIOIOIAOI,129
12,OAAAIAOAIAAA,127
12,OIOIOAIOIOIA,127
12,OAAIAOAIOIOI,126
12,OIOIAOAIAOAI,126
12,OAAAIAOAAAIA,121
12,OIOAIOAAIOIA,121
12,OAAIOIOAIOIA,119
12,OIAOIOIOIOIA,119
12,OAIAOAIOIOIA,118
12,OAAIOAIOIOAI,116
12,OIOIAOAAIOAI,107
12,OAIAOAIOIOAI,105
12,OAIAOAIAOAIA,103
12,OAIOIOIOAIOI,103
12,OAIAOAIOAIOI,97
12,OAIAOIOIOAIA,95
12,OAAAIAOAAIOI,94
12,OAAAIAOAIAOI,94
12,OAAIOAIOIOIA,94
12,OAIOIOIOIOAI,94
12,OAIAOAAIOIOI,90
12,OIAOAIAOAAIA,90
12,OIAOAIAAOAIA,88
12,OIAOAIOIOAIA,85
12,OAIOIOAIOIOI,78
12,OAAIOAIAOAIA,77
12,OIOAIOAIOIOI,75
12,OIOIOIAOIOIA,74
12,OIOIOAIOIOAI,71
12,OIAOAIAOIOIA,70
12,OAAIOAIAOIOI,69
12,OIOIAOAIOIOI,69
12,OAIAOAIOIAOI,66
12,OAIOIOAIOAIA,66
12,OAAIAOAAIAAA,65
12,OIAOAAIAOAIA,65
12,OIOIAOAAIOIA,64
12,OAIOIOAIAOIA,61
12,OIAOAIAOAIAA,61
12,OAIAOAAIOAIA,57
12,OAAIOAAIOIOI,53
12,OAIOAIOIOIOI,53
12,OAAIOAIOAIOI,51
12,OIAOAIOAIOIA,51
12,OIAOIOIOIAOI,51
12,OAIAOAIAOIAA,49
12,OIOAIAOAIAOI,49
12,OIAOAIOIOIAA,48
12,OAAIOIOIOAIA,47
12,OAIOIAOIOIOI,45
12,OIAOIOIOAIOI,45
12,OAAIAOAIAAOI,44
12,OAAIOAAIOAIA,44
12,OAAIOAIAOIAA,44
12,OAIAAOAIOAIA,44
12,OIAOAAIOAAIA,43
12,OIOIOIOAIAOI,43
12,OAIOIOAIAOAI,42
12,OAAIAOAAIAOI,41
12,OIAOAIAAOIAA,40
12,OAAIAOAAAIOI,39
12,OAIOAIOAIOIA,39
12,OAAIAOAAAIAA,38
12,OIOIOIAOIOAI,38
12,OIOIOIOIOIAA,38
12,OIAOAAIOIOIA,36
12,OAIOIAOAIAOI,35
12,OAIOIOAAIOAI,35
12,OIAOIOIOIOAI,35
12,OIOIOIOAAIOI,35
12,OAIAAOAIAOIA,33
12,OAIAAOAIOIOI,33
12,OAIOAIOAAIOI,33
12,OAAIAOAIAOAI,32
12,OAIOAIOAIAOI,32
12,OAAIOAAIAOAI,31
12,OIOAIAOAAIOI,31
12,OIOAIOAIOAIA,31
12,OAIAOAAIAOIA,29
12,OAIOIOAAIOIA,29
12,OIOIAOAIOAIA,29
12,OAIOIOIAOIOI,28
12,OIAOAAIAOIAA,28
12,OIAOAIOIAOIA,28
12,OAIOIOAIOIAA,26
12,OIOIAOAAIAOI,26
12,OIOAIAAOAIOI,25
12,OIOAIAOIOIOI,25
12,OAAIAOAAAAIA,24
12,OAAIOAAIAOIA,24
12,OAIAOIOIOIAA,24
12,OIAOIAOIOIOI,24
12,OAAIOIOAIAOI,23
12,OAIAAOAIOIAA,23
12,OAIOIOAAIAOI,23
12,OIAOAAIOAIAA,23
12,OIOIAOIAOIOI,23
12,OAAIOAIOIAOI,22
12,OAIAOIOAIAOI,22
12,OIAOIOAIOIOI,22
12,OAAAIOAIOAIA,21
12,OAAIAOIOIOIA,21
12,OAAIOAIOAAIA,21
12,OAIAOIAOIOIA,21
12,OIOAIAOAIOIA,21
12,OAAAIOAIAOIA,20
12,OAIAOAAIAOAI,20
12,OAIAOAAIOIAA,20
12,OIAOIAOAIAOI,20
12,OAIAOAIOAAIA,18
12,OIAOAIOIOIOI,18
12,OAAIAOAIAAAA,17
12,OAIAOAIAAOAI,17
12,OAIAOAIOAIAA,17
12,OAIOIAOAAIOI,17
12,OAIOIOIAOAIA,17
12,OIAOIOAIAOIA,17
12,OIOAAIAOAIOI,17
12,OIOAIOIAOIOI,17
12,OAAAIOAIOIAA,16
12,OAIAOAIAAOIA,16
12,OAIOIAOAIOAI,16
12,OIAOIOIAOIOI,16
12,OIOAIOAAIAOI,16
12,OAIAAOAAIOIA,15
12,OIAOAAAIOAIA,15
12,OIAOAIAOIAAA,15
12,OIOIOAIAOAIA,15
12,OIOIOAIOIAOI,15
12,OAAAIOAIOIOI,14
12,OAAIOAAIOIAA,14
12,OAAIOAIAAOIA,14
12,OIAOAAIAAOIA,14
12,OIAOAIOAIAOI,14
12,OIAOIOAIAOAI,14
12,OIOAAIOAAIOI,14
12,OIOIOAIOAIOI,14
12,OAAAIOAAIOIA,13
12,OAAIOAIAAOAI,13
12,OAIAOAAIAAOI,13
12,OAIOAIOIOAIA,13
12,OIOAAIOIOIOI,13
12,OIOIAOIAOAIA,13
12,OIOIOAIAOIOI,13
12,OAAIAOIOIOAI,12
12,OAAIOAIOAIAA,12
12,OAIAOIAOIOAI,12
12,OIOAIOIAOAIA,12
12,OAAIAOAAIOAI,11
12,OAIAOAAAIOIA,11
12,OAIAOIOIOAAI,11
12,OIOIOIOIOAAI,11
12,OAIAAOIOIOIA,10
12,OAIAOIOAAIOI,10
12,OAIOAIOAIOAI,10
12,OAIOIAOAIOIA,10
12,OAIOIOAAAIOI,10
12,OIAOAIOAAIAA,10
12,OIAOIAOAIOAI,10
12,OIAOIAOAIOIA,10
12,OAAIOIOIOIAA,9
12,OAIOIOIAOIAA,9
12,OIAOAIOAAAIA,9
12,OIAOAIOAIOAI,9
12,OIOIOAIAOIAA,9
12,OIOIOIAOAIOI,9
12,OAAAIAOAIOAI,8
12,OAAIOAAAIOIA,8
12,OAAIOIOAAIOI,8
12,OAIAOAIOIAAA,8
12,OAIOIOAIAAOI,8
12,OIAOAAIOIAAA,8
12,OIOAIAOAIOAI,8
12,OIOIAOIAAOIA,8
12,OIOIOIAAOIOI,8
12,OIOIOIAOIAOI,8
12,OAIAOAAAIAOI,7
12,OAIOIAOIAOAI,7
12,OAIOIAOIOIAA,7
12,OIAAOAIOIOIA,7
12,OIOAIOAIOIAA,7
12,OIOIAOAIOIAA,7
12,OAAIOIOIOAAI,6
12,OAIAAOAAIAOI,6
12,OAIAAOAAIOAI,6
12,OAIAOAAAAIOI,6
12,OAIAOAIAAAOI,6
12,OAIAOIAOIAOI,6
12,OIAOAIAAAOIA,6
12,OIAOIAOIAOIA,6
12,OIAOIAOIOAIA,6
12,OIOAAAIOAIOI,6
12,OIOAAIAOIAOI,6
12,OIOAAIOAIAOI,6
12,OIOAIAAOIAOI,6
12,OIOIOAAIAOAI,6
12,OIOIOIAAOAIA,6
12,OAAIOAAAIOAI,5
12,OAAIOIOIAAOI,5
12,OAIAOIOIAAOI,5
12,OAIOAIOIOAAI,5
12,OAIOAIOIOIAA,5
12,OAIOIOAAAAIA,5
12,OAIOIOAIOAAI,5
12,OAIOIOIAAOAI,5
12,OIAAOAIOAIOI,5
12,OIAAOIOIAOIA,5
12,OIAOAAAIAOIA,5
12,OIAOAIOAAIOI,5
12,OIAOIAOAAIOI,5
12,OIOAAIOIAAOI,5
12,OIOAIOAIAAOI,5
12,OIOIAOAIOAAI,5
12,OIOIOAAIAOIA,5
12,OIOIOIOIAAOI,5
12,OAAAAIAOIOAI,4
12,OAAAIOAAIOAI,4
12,OAAIAOIAOIOI,4
12,OAAIOAIAOAAI,4
12,OAIAAOAIAOAI,4
12,OAIAAOIOAIOI,4
12,OAIAAOIOIOAI,4
12,OAIAOAAAIOAI,4
12,OAIAOIAOAIOI,4
12,OAIOAIAOAIOI,4
12,OAIOAIOIAOIA,4
12,OAIOIAOIAOIA,4
12,OAIOIAOIOAIA,4
12,OAIOIOIAOAAI,4
12,OIAAOIAOAIOI,4
12,OIAAOIOAIOIA,4
12,OIAOAAAIOIAA,4
12,OIAOIAOIOIAA,4
12,OIAOIOAAIOIA,4
12,OIAOIOIOIAAA,4
12,OIOAIOAIOAAI,4
12,OIOIAAOAIOIA,4
12,OIOIAOAIAAOI,4
12,OIOIAOIOAIAA,4
12,OIOIOAIAOAAI,4
12,OAAAIOAAAIOI,3
12,OAAAIOAAIAOI,3
12,OAAIOAAIAAOI,3
12,OAAIOAIOIAAA,3
12,OAIAAOAAAAIA,3
12,OAIAAOAAAIOI,3
12,OAIAAOAAIAAA,3
12,OAIAAOAIAAOI,3
12,OAIAOIAAOAIA,3
12,OAIOAIOIAOAI,3
12,OAIOIOAAAIAA,3
12,OAIOIOIAAOIA,3
12,OAIOIOIOAIAA,3
12,OIAAOIOIAOAI,3
12,OIAOAIAOIOAI,3
12,OIOAAAIOIAOI,3
12,OIOAIOIAOAAI,3
12,OIOAIOIAOIAA,3
12,OIOIAAOIOIOI,3
12,OIOIAOIAOIAA,3
12,OIOIOAAIOIOI,3
12,OAAAIOAAIAAA,2
12,OAAIOAAAIAOI,2
12,OAAIOAAIOAAI,2
12,OAAIOIAOAIOI,2
12,OAAIOIAOIOIA,2
12,OAIAOAAAIAAA,2
12,OAIAOIAAOIOI,2
12,OAIOAIAOIOIA,2
12,OAIOIAOAAIAA,2
12,OAIOIOAAIAAA,2
12,OIAAOAIOIAOI,2
12,OIAAOIAOIAOI,2
12,OIAAOIAOIOIA,2
12,OIAAOIOIOIOI,2
12,OIAOAIOAIAAA,2
12,OIAOAIOIOAAI,2
12,OIAOIAOAAIAA,2
12,OIAOIOAAIAOI,2
12,OIAOIOAAIOAI,2
12,OIAOIOAIOAIA,2
12,OIAOIOIAAOAI,2
12,OIAOIOIAAOIA,2
12,OIOAAIOAIOAI,2
12,OIOAAIOAIOIA,2
12,OIOAIAAAOIOI,2
12,OIOAIAOIAOAI,2
12,OIOAIAOIAOIA,2
12,OIOAIAOIOIAA,2
12,OIOIAAOAIAOI,2
12,OIOIOIAAOIAA,2
12,OIOIOIOAAIAA,2
12,OAAAIOAAAAIA,1
12,OAAAIOAAAIAA,1
12,OAAAIOAIAAOI,1
12,OAAAIOAIAOAI,1
12,OAAAIOIOIAOI,1
12,OAAAIOIOIOIA,1
12,OAAIAOAIOAAI,1
12,OAAIAOIOAIOI,1
12,OAAIAOIOIAOI,1
12,OAAIOAAAAIOI,1
12,OAAIOAAIAAAA,1
12,OAAIOIAAOIOI,1
12,OAAIOIAOAIAA,1
12,OAAIOIAOIOAI,1
12,OAIAAOAAAIAA,1
12,OAIAAOAIAAAA,1
12,OAIAAOIAOAIA,1
12,OAIAAOIAOIAA,1
12,OAIAAOIAOIOI,1
12,OAIAAOIOIAOI,1
12,OAIAOAAAAAIA,1
12,OAIAOAAIOAAI,1
12,OAIAOAIAOAAI,1
12,OAIOAAIOIOIA,1
12,OAIOAIAOAAIA,1
12,OAIOIAAOAAIA,1
12,OAIOIAAOAIOI,1
12,OAIOIAAOIOAI,1
12,OAIOIAAOIOIA,1
12,OAIOIAOIOAAI,1
12,OAIOIOIOIAAA,1
12,OIAAAOIOIAOI,1
12,OIAAOAIAOIOI,1
12,OIAAOAIOIOAI,1
12,OIAAOIAOIOAI,1
12,OIAAOIOAIAOI,1
12,OIAAOIOAIOAI,1
12,OIAOAAAAIOIA,1
12,OIAOAAIAAAAA,1
12,OIAOAIAAAAAA,1
12,OIAOAIOIAOAI,1
12,OIAOIAOIAAOI,1
12,OIAOIAOIOAAI,1
12,OIAOIOAIOIAA,1
12,OIAOIOIAOAIA,1
12,OIAOIOIAOIAA,1
12,OIAOIOIOAIAA,1
12,OIOAIOAAAIOI,1
12,OIOAIOIAAAOI,1
12,OIOIAAOAAIAA,1
12,OIOIAAOAAIOI,1
12,OIOIAAOAIOAI,1
12,OIOIAAOIAOAI,1
12,OIOIAOIAAOAI,1
12,OIOIAOIAOAAI,1
12,OIOIAOIOIAAA,1
12,OIOIOAAIOAAI,1
12,OIOIOAAIOAIA,1
12,OIOIOAIOAIAA,1
12,OIOIOIAOAIAA,1
